product,batch,reg,reg_lookup,server_lookup,key,value
dev,dev,us-west-2,us,nondb,MaintWindow-Automation,REBOOTGROUP1
dev,dev,us-east-1,us,nondb,MaintWindow-Automation,REBOOTGROUP1
dev,dev,us-west-2,us,nondb,MaintWindow-Automation,REBOOTGROUP2
dev,dev,us-east-1,us,nondb,MaintWindow-Automation,REBOOTGROUP2
dev,dev,us-west-2,us,nondb,MaintWindow-Automation,REBOOTGROUP3
dev,dev,us-east-1,us,nondb,MaintWindow-Automation,REBOOTGROUP3
dev,dev,us-west-2,us,nondb,MaintWindow-Automation,REBOOTGROUP4
dev,dev,us-east-1,us,nondb,MaintWindow-Automation,REBOOTGROUP4
dev,dev,us-west-2,us,nondb,MaintWindow-Automation,REBOOTGROUP5
dev,dev,us-east-1,us,nondb,MaintWindow-Automation,REBOOTGROUP5
dev,dev,us-west-2,us,nondb,MaintWindow-Automation,REBOOTGROUP6
dev,dev,us-east-1,us,nondb,MaintWindow-Automation,REBOOTGROUP6
dev,dev,us-west-2,us,nondb,MaintWindow-Automation,REBOOTGROUP7
dev,dev,us-east-1,us,nondb,MaintWindow-Automation,REBOOTGROUP7
dev,dev,us-west-2,us,nondb,MaintWindow-Automation,REBOOTGROUP8
dev,dev,us-east-1,us,nondb,MaintWindow-Automation,REBOOTGROUP8
mn1,macent,us-east-1,us,db,maintwindow-macent-mn1,rebootgroup1-dbonly
mn1,macent,us-east-1,us,nondb,maintwindow-macent-mn1,rebootgroup2-nondb
mn1,macent,us-west-2,us,db,maintwindow-macent-mn1,rebootgroup1-dbonly
mn1,macent,us-west-2,us,nondb,maintwindow-macent-mn1,rebootgroup2-nondb
mn2,macent,eu-west-1,eu,db,maintwindow-macent-mn2,rebootgroup1-dbonly
mn2,macent,eu-west-1,eu,nondb,maintwindow-macent-mn2,rebootgroup2-nondb
mn2,macent,eu-central-1,eu,db,maintwindow-macent-mn2,rebootgroup1-dbonly
mn2,macent,eu-central-1,eu,nondb,maintwindow-macent-mn2,rebootgroup2-nondb
mn4,macent,eu-west-1,eu,db,maintwindow-macent-mn4,rebootgroup1-dbonly
mn4,macent,eu-west-1,eu,nondb,maintwindow-macent-mn4,rebootgroup2-nondb
mn4,macent,eu-central-1,eu,db,maintwindow-macent-mn4,rebootgroup1-dbonly
mn4,macent,eu-central-1,eu,nondb,maintwindow-macent-mn4,rebootgroup2-nondb
mn6,macent,eu-west-1,eu,db,maintwindow-macent-mn6,rebootgroup1-dbonly
mn6,macent,eu-west-1,eu,nondb,maintwindow-macent-mn6,rebootgroup2-nondb
mn6,macent,eu-central-1,eu,db,maintwindow-macent-mn6,rebootgroup1-dbonly
mn6,macent,eu-central-1,eu,nondb,maintwindow-macent-mn6,rebootgroup2-nondb
mn7,macent,eu-west-1,eu,db,maintwindow-macent-mn7,rebootgroup1-dbonly
mn7,macent,eu-west-1,eu,nondb,maintwindow-macent-mn7,rebootgroup2-nondb
mn7,macent,eu-central-1,eu,db,maintwindow-macent-mn7,rebootgroup1-dbonly
mn7,macent,eu-central-1,eu,nondb,maintwindow-macent-mn7,rebootgroup2-nondb
mn8,macent,eu-west-1,eu,db,maintwindow-macent-mn8,rebootgroup1-dbonly
mn8,macent,eu-west-1,eu,nondb,maintwindow-macent-mn8,rebootgroup2-nondb
mn8,macent,eu-central-1,eu,db,maintwindow-macent-mn8,rebootgroup1-dbonly
mn8,macent,eu-central-1,eu,nondb,maintwindow-macent-mn8,rebootgroup2-nondb
mn9,macent,eu-west-1,eu,db,maintwindow-macent-mn9,rebootgroup1-dbonly
mn9,macent,eu-west-1,eu,nondb,maintwindow-macent-mn9,rebootgroup2-nondb
mn9,macent,eu-central-1,eu,db,maintwindow-macent-mn9,rebootgroup1-dbonly
mn9,macent,eu-central-1,eu,nondb,maintwindow-macent-mn9,rebootgroup2-nondb
mn10,macent,eu-west-1,eu,db,maintwindow-macent-mn10,rebootgroup1-dbonly
mn10,macent,eu-west-1,eu,nondb,maintwindow-macent-mn10,rebootgroup2-nondb
mn10,macent,eu-central-1,eu,db,maintwindow-macent-mn10,rebootgroup1-dbonly
mn10,macent,eu-central-1,eu,nondb,maintwindow-macent-mn10,rebootgroup2-nondb
mn12,macent,us-east-1,us,db,maintwindow-macent-mn12,rebootgroup1-dbonly
mn12,macent,us-east-1,us,nondb,maintwindow-macent-mn12,rebootgroup2-nondb
mn12,macent,us-west-2,us,db,maintwindow-macent-mn12,rebootgroup1-dbonly
mn12,macent,us-west-2,us,nondb,maintwindow-macent-mn12,rebootgroup2-nondb
mn13,macent,us-east-1,us,db,maintwindow-macent-mn13,rebootgroup1-dbonly
mn13,macent,us-east-1,us,nondb,maintwindow-macent-mn13,rebootgroup2-nondb
mn13,macent,us-west-2,us,db,maintwindow-macent-mn13,rebootgroup1-dbonly
mn13,macent,us-west-2,us,nondb,maintwindow-macent-mn13,rebootgroup2-nondb
mn15,macent,eu-west-1,eu,db,maintwindow-macent-mn15,rebootgroup1-dbonly
mn15,macent,eu-west-1,eu,nondb,maintwindow-macent-mn15,rebootgroup2-nondb
mn15,macent,eu-central-1,eu,db,maintwindow-macent-mn15,rebootgroup1-dbonly
mn15,macent,eu-central-1,eu,nondb,maintwindow-macent-mn15,rebootgroup2-nondb
aj1,ajera,us-east-1,us,db,maintwindow-ajera-aj1,rebootgroup1-dbonly
aj1,ajera,us-east-1,us,nondb,maintwindow-ajera-aj1,rebootgroup2-nondb
aj1,ajera,us-west-2,us,db,maintwindow-ajera-aj1,rebootgroup1-dbonly
aj1,ajera,us-west-2,us,nondb,maintwindow-ajera-aj1,rebootgroup2-nondb
aj2,ajera,us-east-1,us,db,maintwindow-ajera-aj2,rebootgroup1-dbonly
aj2,ajera,us-east-1,us,nondb,maintwindow-ajera-aj2,rebootgroup2-nondb
aj2,ajera,us-west-2,us,db,maintwindow-ajera-aj2,rebootgroup1-dbonly
aj2,ajera,us-west-2,us,nondb,maintwindow-ajera-aj2,rebootgroup2-nondb
spaj2,ajera,us-east-1,us,db,maintwindow-ajera-spaj2,rebootgroup1-dbonly
spaj2,ajera,us-east-1,us,nondb,maintwindow-ajera-spaj2,rebootgroup2-nondb
spaj2,ajera,us-west-2,us,db,maintwindow-ajera-spaj2,rebootgroup1-dbonly
spaj2,ajera,us-west-2,us,nondb,maintwindow-ajera-spaj2,rebootgroup2-nondb
citrix,citrix,eu-west-1,eu,db,MaintWindow-Citrix,rebootgroup1-dbonly
citrix,citrix,eu-west-1,eu,nondb,MaintWindow-Citrix,rebootgroup2-nondb
citrix,citrix,eu-central-1,eu,db,MaintWindow-Citrix,rebootgroup1-dbonly
citrix,citrix,eu-central-1,eu,nondb,MaintWindow-Citrix,rebootgroup2-nondb
mn3,mn3,eu-west-1,eu,db,maintwindow-macent-mn3,rebootgroup1-dbonly
mn3,mn3,eu-west-1,eu,nondb,maintwindow-macent-mn3,rebootgroup2-nondb
mn3,mn3,eu-central-1,eu,db,maintwindow-macent-mn3,rebootgroup1-dbonly
mn3,mn3,eu-central-1,eu,nondb,maintwindow-macent-mn3,rebootgroup2-nondb
mn3,mn3,eu-west-1,eu,db,maintwindow-macent-dvmn3,rebootgroup1-dbonly
mn3,mn3,eu-west-1,eu,nondb,maintwindow-macent-dvmn3,rebootgroup2-nondb
mn3,mn3,eu-central-1,eu,db,maintwindow-macent-dvmn3,rebootgroup1-dbonly
mn3,mn3,eu-central-1,eu,nondb,maintwindow-macent-dvmn3,rebootgroup2-nondb
mn3,mn3,eu-west-1,eu,db,maintwindow-macent-ttmn3,rebootgroup1-dbonly
mn3,mn3,eu-west-1,eu,nondb,maintwindow-macent-ttmn3,rebootgroup2-nondb
mn3,mn3,eu-central-1,eu,db,maintwindow-macent-ttmn3,rebootgroup1-dbonly
mn3,mn3,eu-central-1,eu,nondb,maintwindow-macent-ttmn3,rebootgroup2-nondb
mn5,mn5-14,ap-southeast-1,ap,db,maintwindow-macent-mn5,rebootgroup1-dbonly
mn5,mn5-14,ap-southeast-1,ap,nondb,maintwindow-macent-mn5,rebootgroup2-nondb
mn5,mn5-14,ap-southeast-2,ap,db,maintwindow-macent-mn5,rebootgroup1-dbonly
mn5,mn5-14,ap-southeast-2,ap,nondb,maintwindow-macent-mn5,rebootgroup2-nondb
mn14,mn5-14,ap-southeast-1,ap,db,maintwindow-macent-mn14,rebootgroup1-dbonly
mn14,mn5-14,ap-southeast-1,ap,nondb,maintwindow-macent-mn14,rebootgroup2-nondb
mn14,mn5-14,ap-southeast-2,ap,db,maintwindow-macent-mn14,rebootgroup1-dbonly
mn14,mn5-14,ap-southeast-2,ap,nondb,maintwindow-macent-mn14,rebootgroup2-nondb
mn11,mn11,us-east-1,us,db,maintwindow-macent-mn11,rebootgroup1-dbonly
mn11,mn11,us-east-1,us,nondb,maintwindow-macent-mn11,rebootgroup2-nondb
mn11,mn11,us-west-2,us,db,maintwindow-macent-mn11,rebootgroup1-dbonly
mn11,mn11,us-west-2,us,nondb,maintwindow-macent-mn11,rebootgroup2-nondb
me1,dfme,eu-west-1,eu,nondb,maintwindow-dfme-me1,rebootgroup2-nondb
me5,dfme,eu-west-1,eu,db,maintwindow-dfme-me5,rebootgroup1-dbonly
me5,dfme,eu-west-1,eu,nondb,maintwindow-dfme-me5,rebootgroup2-nondb
me5,dfme,eu-central-1,eu,db,maintwindow-dfme-me5,rebootgroup1-dbonly
me5,dfme,eu-central-1,eu,nondb,maintwindow-dfme-me5,rebootgroup2-nondb
me6,dfme,us-east-1,us,db,maintwindow-dfme-me6,rebootgroup1-dbonly
me6,dfme,us-east-1,us,nondb,maintwindow-dfme-me6,rebootgroup2-nondb
me6,dfme,us-west-2,us,db,maintwindow-dfme-me6,rebootgroup1-dbonly
me6,dfme,us-west-2,us,nondb,maintwindow-dfme-me6,rebootgroup2-nondb
me7,dfme,eu-west-1,eu,db,maintwindow-dfme-me7,rebootgroup1-dbonly
me7,dfme,eu-west-1,eu,nondb,maintwindow-dfme-me7,rebootgroup2-nondb
me8,dfme,eu-west-1,eu,db,maintwindow-dfme-me8,rebootgroup1-dbonly
me8,dfme,eu-west-1,eu,nondb,maintwindow-dfme-me8,rebootgroup2-nondb
pim1,pim,us-east-1,us,db,maintwindow-pim-pm1,rebootgroup1-dbonly
pim1,pim,us-east-1,us,nondb,maintwindow-pim-pm1,rebootgroup2-nondb
pim1,pim,us-west-2,us,db,maintwindow-pim-pm1,rebootgroup1-dbonly
pim1,pim,us-west-2,us,nondb,maintwindow-pim-pm1,rebootgroup2-nondb
pim2,pim,eu-west-1,eu,db,maintwindow-pim-pm2,rebootgroup1-dbonly
pim2,pim,eu-west-1,eu,nondb,maintwindow-pim-pm2,rebootgroup2-nondb
pim2,pim,eu-central-1,eu,db,maintwindow-pim-pm2,rebootgroup1-dbonly
pim2,pim,eu-central-1,eu,nondb,maintwindow-pim-pm2,rebootgroup2-nondb
pim3,pim,ap-southeast-1,ap,db,maintwindow-pim-pm3,rebootgroup1-dbonly
pim3,pim,ap-southeast-1,ap,nondb,maintwindow-pim-pm3,rebootgroup2-nondb
pim3,pim,ap-southeast-2,ap,db,maintwindow-pim-pm3,rebootgroup1-dbonly
pim3,pim,ap-southeast-2,ap,nondb,maintwindow-pim-pm3,rebootgroup2-nondb
pim4,pim,eu-west-1,eu,db,maintwindow-pim-pm4,rebootgroup1-dbonly
pim4,pim,eu-west-1,eu,nondb,maintwindow-pim-pm4,rebootgroup2-nondb
pim5,pim,us-east-1,us,db,maintwindow-pim-pm5,rebootgroup1-dbonly
pim5,pim,us-east-1,us,nondb,maintwindow-pim-pm5,rebootgroup2-nondb
pim5,pim,us-west-2,us,db,maintwindow-pim-pm5,rebootgroup1-dbonly
pim5,pim,us-west-2,us,nondb,maintwindow-pim-pm5,rebootgroup2-nondb
pim6,pim,eu-west-1,eu,db,maintwindow-pim-pm6,rebootgroup1-dbonly
pim6,pim,eu-west-1,eu,nondb,maintwindow-pim-pm6,rebootgroup2-nondb
pim6,pim,eu-central-1,eu,db,maintwindow-pim-pm6,rebootgroup1-dbonly
pim6,pim,eu-central-1,eu,nondb,maintwindow-pim-pm6,rebootgroup2-nondb
pim7,pim,eu-west-1,eu,db,maintwindow-pim-pm7,rebootgroup1-dbonly
pim7,pim,eu-west-1,eu,nondb,maintwindow-pim-pm7,rebootgroup2-nondb
pim7,pim,eu-central-1,eu,db,maintwindow-pim-pm7,rebootgroup1-dbonly
pim7,pim,eu-central-1,eu,nondb,maintwindow-pim-pm7,rebootgroup2-nondb
pim8,pim,us-east-1,us,db,maintwindow-pim-pm8,rebootgroup1-dbonly
pim8,pim,us-east-1,us,nondb,maintwindow-pim-pm8,rebootgroup2-nondb
pim8,pim,us-west-2,us,db,maintwindow-pim-pm8,rebootgroup1-dbonly
pim8,pim,us-west-2,us,nondb,maintwindow-pim-pm8,rebootgroup2-nondb
nc2,dfve,us-east-1,us,db,maintwindow-deltekcrm-nc2,rebootgroup1-dbonly
nc2,dfve,us-west-2,us,db,maintwindow-deltekcrm-nc2,rebootgroup1-dbonly
nc0,dfve,us-east-1,us,db,maintwindow-deltekcrm-nc0,rebootgroup1-dbonly
nc0,dfve,us-west-2,us,db,maintwindow-deltekcrm-nc0,rebootgroup1-dbonly
cm1,dfve,us-east-1,us,db,maintwindow-capture-cm1,rebootgroup1-dbonly
cm1,dfve,us-east-1,us,nondb,maintwindow-capture-cm1,rebootgroup2-nondb
cm0,dfve,us-east-1,us,nondb,maintwindow-capture-cm0,rebootgroup2-nondb
ac2,dfve,us-east-1,us,db,maintwindow-ajcrm-ac2,rebootgroup1-dbonly
ac2,dfve,us-east-1,us,nondb,maintwindow-ajcrm-ac2,rebootgroup2-nondb
ac0,dfve,us-east-1,us,nondb,maintwindow-ajcrm-ac0,rebootgroup2-nondb
vs3,dfve,eu-west-1,eu,db,maintwindow-dps-vs3,rebootgroup1-dbonly
vs3,dfve,eu-west-1,eu,nondb,maintwindow-dps-vs3,rebootgroup2-nondb
vs3,dfve,eu-central-1,eu,db,maintwindow-dps-vs3,rebootgroup1-dbonly
vs3,dfve,eu-central-1,eu,nondb,maintwindow-dps-vs3,rebootgroup2-nondb
vs1,dfve,us-east-1,us,db,maintwindow-dps-vs1,rebootgroup1-dbonly
vs1,dfve,us-east-1,us,nondb,maintwindow-dps-vs1,rebootgroup2-nondb
ve0,dfve,ap-southeast-2,ap,db,maintwindow-dfve-ve0,rebootgroup1-dbonly
ve0,dfve,ap-southeast-2,ap,nondb,maintwindow-dfve-ve0,rebootgroup2-nondb
ve0,dfve,us-east-1,us,db,maintwindow-dfve-ve0,rebootgroup1-dbonly
ve0,dfve,us-east-1,us,nondb,maintwindow-dfve-ve0,rebootgroup2-nondb
ve0,dfve,us-west-2,us,db,maintwindow-dfve-ve0,rebootgroup1-dbonly
ve0,dfve,us-west-2,us,nondb,maintwindow-dfve-ve0,rebootgroup2-nondb
ve0,dfve,ca-central-1,ca,db,maintwindow-dfve-ve0,rebootgroup1-dbonly
ve0,dfve,ca-central-1,ca,nondb,maintwindow-dfve-ve0,rebootgroup2-nondb
ve1,dfve,us-east-1,us,db,maintwindow-dfve-ve1,rebootgroup1-dbonly
ve1,dfve,us-east-1,us,nondb,maintwindow-dfve-ve1,rebootgroup2-nondb
ve1,dfve,us-west-2,us,db,maintwindow-dfve-ve1,rebootgroup1-dbonly
ve1,dfve,us-west-2,us,nondb,maintwindow-dfve-ve1,rebootgroup2-nondb
ve1,dfve,ca-central-1,ca,db,maintwindow-dfve-ve1,rebootgroup1-dbonly
ve1,dfve,ca-central-1,ca,nondb,maintwindow-dfve-ve1,rebootgroup2-nondb
ve2,dfve,ap-southeast-1,ap,db,maintwindow-dfve-ve2,rebootgroup1-dbonly
ve2,dfve,ap-southeast-1,ap,nondb,maintwindow-dfve-ve2,rebootgroup2-nondb
ve2,dfve,ap-southeast-2,ap,db,maintwindow-dfve-ve2,rebootgroup1-dbonly
ve2,dfve,ap-southeast-2,ap,nondb,maintwindow-dfve-ve2,rebootgroup2-nondb
ve3,dfve,us-east-1,us,db,maintwindow-dfve-ve3,rebootgroup1-dbonly
ve3,dfve,us-east-1,us,nondb,maintwindow-dfve-ve3,rebootgroup2-nondb
ve3,dfve,us-west-2,us,db,maintwindow-dfve-ve3,rebootgroup1-dbonly
ve3,dfve,us-west-2,us,nondb,maintwindow-dfve-ve3,rebootgroup2-nondb
ve4,dfve,us-east-1,us,db,maintwindow-dfve-ve4,rebootgroup1-dbonly
ve4,dfve,us-east-1,us,nondb,maintwindow-dfve-ve4,rebootgroup2-nondb
ve4,dfve,us-west-2,us,db,maintwindow-dfve-ve4,rebootgroup1-dbonly
ve4,dfve,us-west-2,us,nondb,maintwindow-dfve-ve4,rebootgroup2-nondb
ve5,dfve,us-east-1,us,db,maintwindow-dfve-ve5,rebootgroup1-dbonly
ve5,dfve,us-east-1,us,nondb,maintwindow-dfve-ve5,rebootgroup2-nondb
ve5,dfve,us-west-2,us,db,maintwindow-dfve-ve5,rebootgroup1-dbonly
ve5,dfve,us-west-2,us,nondb,maintwindow-dfve-ve5,rebootgroup2-nondb
ve6,dfve,us-east-1,us,db,maintwindow-dfve-ve6,rebootgroup1-dbonly
ve6,dfve,us-east-1,us,nondb,maintwindow-dfve-ve6,rebootgroup2-nondb
ve6,dfve,us-west-2,us,db,maintwindow-dfve-ve6,rebootgroup1-dbonly
ve6,dfve,us-west-2,us,nondb,maintwindow-dfve-ve6,rebootgroup2-nondb
ve7,dfve,us-east-1,us,db,maintwindow-dfve-ve7,rebootgroup1-dbonly
ve7,dfve,us-east-1,us,nondb,maintwindow-dfve-ve7,rebootgroup2-nondb
ve7,dfve,us-west-2,us,db,maintwindow-dfve-ve7,rebootgroup1-dbonly
ve7,dfve,us-west-2,us,nondb,maintwindow-dfve-ve7,rebootgroup2-nondb
ve8,dfve,us-east-1,us,db,maintwindow-dfve-ve8,rebootgroup1-dbonly
ve8,dfve,us-east-1,us,nondb,maintwindow-dfve-ve8,rebootgroup2-nondb
ve8,dfve,us-west-2,us,db,maintwindow-dfve-ve8,rebootgroup1-dbonly
ve8,dfve,us-west-2,us,nondb,maintwindow-dfve-ve8,rebootgroup2-nondb
ve9,dfve,us-east-1,us,db,maintwindow-dfve-ve9,rebootgroup1-dbonly
ve9,dfve,us-east-1,us,nondb,maintwindow-dfve-ve9,rebootgroup2-nondb
ve9,dfve,us-west-2,us,db,maintwindow-dfve-ve9,rebootgroup1-dbonly
ve9,dfve,us-west-2,us,nondb,maintwindow-dfve-ve9,rebootgroup2-nondb
ve10,dfve,us-east-1,us,db,maintwindow-dfve-ve10,rebootgroup1-dbonly
ve10,dfve,us-east-1,us,nondb,maintwindow-dfve-ve10,rebootgroup2-nondb
ve10,dfve,us-west-2,us,db,maintwindow-dfve-ve10,rebootgroup1-dbonly
ve10,dfve,us-west-2,us,nondb,maintwindow-dfve-ve10,rebootgroup2-nondb
ve11,dfve,us-east-1,us,db,maintwindow-dfve-ve11,rebootgroup1-dbonly
ve11,dfve,us-east-1,us,nondb,maintwindow-dfve-ve11,rebootgroup2-nondb
ve11,dfve,us-west-2,us,db,maintwindow-dfve-ve11,rebootgroup1-dbonly
ve11,dfve,us-west-2,us,nondb,maintwindow-dfve-ve11,rebootgroup2-nondb
ve13,dfve,us-east-1,us,db,maintwindow-dfve-ve13,rebootgroup1-dbonly
ve13,dfve,us-east-1,us,nondb,maintwindow-dfve-ve13,rebootgroup2-nondb
ve13,dfve,us-west-2,us,db,maintwindow-dfve-ve13,rebootgroup1-dbonly
ve13,dfve,us-west-2,us,nondb,maintwindow-dfve-ve13,rebootgroup2-nondb
ve12,dfve,eu-west-1,eu,db,maintwindow-dfve-ve12,rebootgroup1-dbonly
ve12,dfve,eu-west-1,eu,nondb,maintwindow-dfve-ve12,rebootgroup2-nondb
ve12,dfve,eu-central-1,eu,db,maintwindow-dfve-ve12,rebootgroup1-dbonly
ve12,dfve,eu-central-1,eu,nondb,maintwindow-dfve-ve12,rebootgroup2-nondb
ve14,dfve,ca-central-1,ca,db,maintwindow-dfve-ve14,rebootgroup1-dbonly
ve14,dfve,ca-central-1,ca,nondb,maintwindow-dfve-ve14,rebootgroup2-nondb
ve15,dfve,us-east-1,us,db,maintwindow-dfve-ve15,rebootgroup1-dbonly
ve15,dfve,us-east-1,us,nondb,maintwindow-dfve-ve15,rebootgroup2-nondb
ve15,dfve,us-west-2,us,db,maintwindow-dfve-ve15,rebootgroup1-dbonly
ve15,dfve,us-west-2,us,nondb,maintwindow-dfve-ve15,rebootgroup2-nondb
ve16,dfve,us-east-1,us,db,maintwindow-dfve-ve16,rebootgroup1-dbonly
ve16,dfve,us-east-1,us,nondb,maintwindow-dfve-ve16,rebootgroup2-nondb
ve16,dfve,us-west-2,us,db,maintwindow-dfve-ve16,rebootgroup1-dbonly
ve16,dfve,us-west-2,us,nondb,maintwindow-dfve-ve16,rebootgroup2-nondb
ve17,dfve,us-east-1,us,db,maintwindow-dfve-ve17,rebootgroup1-dbonly
ve17,dfve,us-east-1,us,nondb,maintwindow-dfve-ve17,rebootgroup2-nondb
ve17,dfve,us-west-2,us,db,maintwindow-dfve-ve17,rebootgroup1-dbonly
ve17,dfve,us-west-2,us,nondb,maintwindow-dfve-ve17,rebootgroup2-nondb
ve18,dfve,us-east-1,us,db,maintwindow-dfve-ve18,rebootgroup1-dbonly
ve18,dfve,us-east-1,us,nondb,maintwindow-dfve-ve18,rebootgroup2-nondb
ve18,dfve,us-west-2,us,db,maintwindow-dfve-ve18,rebootgroup1-dbonly
ve18,dfve,us-west-2,us,nondb,maintwindow-dfve-ve18,rebootgroup2-nondb
ve19,dfve,us-east-1,us,db,maintwindow-dfve-ve19,rebootgroup1-dbonly
ve19,dfve,us-east-1,us,nondb,maintwindow-dfve-ve19,rebootgroup2-nondb
ve19,dfve,us-west-2,us,db,maintwindow-dfve-ve19,rebootgroup1-dbonly
ve19,dfve,us-west-2,us,nondb,maintwindow-dfve-ve19,rebootgroup2-nondb
ve20,dfve,us-east-1,us,db,maintwindow-dfve-ve20,rebootgroup1-dbonly
ve20,dfve,us-east-1,us,nondb,maintwindow-dfve-ve20,rebootgroup2-nondb
ve20,dfve,us-west-2,us,db,maintwindow-dfve-ve20,rebootgroup1-dbonly
ve20,dfve,us-west-2,us,nondb,maintwindow-dfve-ve20,rebootgroup2-nondb
vt0,dfve,us-east-1,us,db,maintwindow-vantage-vt0,rebootgroup1-dbonly
vt0,dfve,us-east-1,us,nondb,maintwindow-vantage-vt0,rebootgroup2-nondb
vt0,dfve,us-west-2,us,db,maintwindow-vantage-vt0,rebootgroup1-dbonly
vt0,dfve,us-west-2,us,nondb,maintwindow-vantage-vt0,rebootgroup2-nondb
vt1,dfve,us-east-1,us,nondb,maintwindow-vantage-vt1,rebootgroup2-nondb
vt2,dfve,us-east-1,us,db,maintwindow-vantage-vt2,rebootgroup1-dbonly
vt2,dfve,us-east-1,us,nondb,maintwindow-vantage-vt2,rebootgroup2-nondb
vt3,dfve,us-east-1,us,db,maintwindow-vantage-vt3,rebootgroup1-dbonly
vt3,dfve,us-east-1,us,nondb,maintwindow-vantage-vt3,rebootgroup2-nondb
vt4,dfve,us-east-1,us,db,maintwindow-vantage-vt4,rebootgroup1-dbonly
vt4,dfve,us-east-1,us,nondb,maintwindow-vantage-vt4,rebootgroup2-nondb
vt5,dfve,us-east-1,us,db,maintwindow-vantage-vt5,rebootgroup1-dbonly
vt5,dfve,us-east-1,us,nondb,maintwindow-vantage-vt5,rebootgroup2-nondb
vt6,dfve,us-east-1,us,db,maintwindow-vantage-vt6,rebootgroup1-dbonly
vt6,dfve,us-east-1,us,nondb,maintwindow-vantage-vt6,rebootgroup2-nondb
vt6,dfve,eu-west-1,eu,db,maintwindow-vantage-vt6,rebootgroup1-dbonly
vt6,dfve,eu-west-1,eu,nondb,maintwindow-vantage-vt6,rebootgroup2-nondb
vt7,dfve,us-east-1,us,db,maintwindow-vantage-vt7,rebootgroup1-dbonly
vt7,dfve,us-east-1,us,nondb,maintwindow-vantage-vt7,rebootgroup2-nondb
vt7,dfve,ap-southeast-2,ap,db,maintwindow-vantage-vt7,rebootgroup1-dbonly
vt7,dfve,ap-southeast-2,eu,nondb,maintwindow-vantage-vt7,rebootgroup2-nondb
vt15,dfve,us-east-1,us,db,maintwindow-vantage-vt15,rebootgroup1-dbonly
vt15,dfve,us-east-1,us,nondb,maintwindow-vantage-vt15,rebootgroup2-nondb
vt15,dfve,us-west-2,us,db,maintwindow-vantage-vt15,rebootgroup1-dbonly
vt15,dfve,us-west-2,us,nondb,maintwindow-vantage-vt15,rebootgroup2-nondb
vt16,dfve,eu-west-1,eu,db,maintwindow-vantage-vt16,rebootgroup1-dbonly
vt16,dfve,eu-west-1,eu,nondb,maintwindow-vantage-vt16,rebootgroup2-nondb
vt16,dfve,eu-central-1,eu,db,maintwindow-vantage-vt16,rebootgroup1-dbonly
vt16,dfve,eu-central-1,eu,nondb,maintwindow-vantage-vt16,rebootgroup2-nondb
vt17,dfve,ap-southeast-1,ap,db,maintwindow-vantage-vt17,rebootgroup1-dbonly
vt17,dfve,ap-southeast-1,ap,nondb,maintwindow-vantage-vt17,rebootgroup2-nondb
vt17,dfve,ap-southeast-2,ap,db,maintwindow-vantage-vt17,rebootgroup1-dbonly
vt17,dfve,ap-southeast-2,ap,nondb,maintwindow-vantage-vt17,rebootgroup2-nondb
vt18,dfve,ca-central-1,ca,db,maintwindow-vantage-vt18,rebootgroup1-dbonly
vt18,dfve,ca-central-1,ca,nondb,maintwindow-vantage-vt18,rebootgroup2-nondb
vt19,dfve,us-east-1,us,db,maintwindow-vantage-vt19,rebootgroup1-dbonly
vt19,dfve,us-east-1,us,nondb,maintwindow-vantage-vt19,rebootgroup2-nondb
vt19,dfve,us-west-2,us,db,maintwindow-vantage-vt19,rebootgroup1-dbonly
vt19,dfve,us-west-2,us,nondb,maintwindow-vantage-vt19,rebootgroup2-nondb
vt20,dfve,us-east-1,us,db,maintwindow-vantage-vt20,rebootgroup1-dbonly
vt20,dfve,us-east-1,us,nondb,maintwindow-vantage-vt20,rebootgroup2-nondb
vt20,dfve,us-west-2,us,db,maintwindow-vantage-vt20,rebootgroup1-dbonly
vt20,dfve,us-west-2,us,nondb,maintwindow-vantage-vt20,rebootgroup2-nondb
vt21,dfve,us-east-1,us,db,maintwindow-vantage-vt21,rebootgroup1-dbonly
vt21,dfve,us-east-1,us,nondb,maintwindow-vantage-vt21,rebootgroup2-nondb
vt21,dfve,us-west-2,us,db,maintwindow-vantage-vt21,rebootgroup1-dbonly
vt21,dfve,us-west-2,us,nondb,maintwindow-vantage-vt21,rebootgroup2-nondb
vt22,dfve,us-east-1,us,db,maintwindow-vantage-vt22,rebootgroup1-dbonly
vt22,dfve,us-east-1,us,nondb,maintwindow-vantage-vt22,rebootgroup2-nondb
vt22,dfve,us-west-2,us,db,maintwindow-vantage-vt22,rebootgroup1-dbonly
vt22,dfve,us-west-2,us,nondb,maintwindow-vantage-vt22,rebootgroup2-nondb
vt23,dfve,us-east-1,us,db,maintwindow-vantage-vt23,rebootgroup1-dbonly
vt23,dfve,us-east-1,us,nondb,maintwindow-vantage-vt23,rebootgroup2-nondb
vt23,dfve,us-west-2,us,db,maintwindow-vantage-vt23,rebootgroup1-dbonly
vt23,dfve,us-west-2,us,nondb,maintwindow-vantage-vt23,rebootgroup2-nondb
vt24,dfve,us-east-1,us,db,maintwindow-vantage-vt24,rebootgroup1-dbonly
vt24,dfve,us-east-1,us,nondb,maintwindow-vantage-vt24,rebootgroup2-nondb
vt24,dfve,us-west-2,us,db,maintwindow-vantage-vt24,rebootgroup1-dbonly
vt24,dfve,us-west-2,us,nondb,maintwindow-vantage-vt24,rebootgroup2-nondb
vt25,dfve,us-east-1,us,db,maintwindow-vantage-vt25,rebootgroup1-dbonly
vt25,dfve,us-east-1,us,nondb,maintwindow-vantage-vt25,rebootgroup2-nondb
vt25,dfve,us-west-2,us,db,maintwindow-vantage-vt25,rebootgroup1-dbonly
vt25,dfve,us-west-2,us,nondb,maintwindow-vantage-vt25,rebootgroup2-nondb
vt26,dfve,us-east-1,us,db,maintwindow-vantage-vt26,rebootgroup1-dbonly
vt26,dfve,us-east-1,us,nondb,maintwindow-vantage-vt26,rebootgroup2-nondb
vt26,dfve,us-west-2,us,db,maintwindow-vantage-vt26,rebootgroup1-dbonly
vt26,dfve,us-west-2,us,nondb,maintwindow-vantage-vt26,rebootgroup2-nondb
vt27,dfve,us-east-1,us,db,maintwindow-vantage-vt27,rebootgroup1-dbonly
vt27,dfve,us-east-1,us,nondb,maintwindow-vantage-vt27,rebootgroup2-nondb
vt27,dfve,us-west-2,us,db,maintwindow-vantage-vt27,rebootgroup1-dbonly
vt27,dfve,us-west-2,us,nondb,maintwindow-vantage-vt27,rebootgroup2-nondb
vt28,dfve,us-east-1,us,db,maintwindow-vantage-vt28,rebootgroup1-dbonly
vt28,dfve,us-east-1,us,nondb,maintwindow-vantage-vt28,rebootgroup2-nondb
vt28,dfve,us-west-2,us,db,maintwindow-vantage-vt28,rebootgroup1-dbonly
vt28,dfve,us-west-2,us,nondb,maintwindow-vantage-vt28,rebootgroup2-nondb
vt29,dfve,us-east-1,us,db,maintwindow-vantage-vt29,rebootgroup1-dbonly
vt29,dfve,us-east-1,us,nondb,maintwindow-vantage-vt29,rebootgroup2-nondb
vt29,dfve,us-west-2,us,db,maintwindow-vantage-vt29,rebootgroup1-dbonly
vt29,dfve,us-west-2,us,nondb,maintwindow-vantage-vt29,rebootgroup2-nondb
vt30,dfve,us-east-1,us,db,maintwindow-vantage-vt30,rebootgroup1-dbonly
vt30,dfve,us-east-1,us,nondb,maintwindow-vantage-vt30,rebootgroup2-nondb
vt30,dfve,us-west-2,us,db,maintwindow-vantage-vt30,rebootgroup1-dbonly
vt30,dfve,us-west-2,us,nondb,maintwindow-vantage-vt30,rebootgroup2-nondb
vt31,dfve,us-east-1,us,db,maintwindow-vantage-vt31,rebootgroup1-dbonly
vt31,dfve,us-east-1,us,nondb,maintwindow-vantage-vt31,rebootgroup2-nondb
vt31,dfve,us-west-2,us,db,maintwindow-vantage-vt31,rebootgroup1-dbonly
vt31,dfve,us-west-2,us,nondb,maintwindow-vantage-vt31,rebootgroup2-nondb
vt32,dfve,us-east-1,us,db,maintwindow-vantage-vt32,rebootgroup1-dbonly
vt32,dfve,us-east-1,us,nondb,maintwindow-vantage-vt32,rebootgroup2-nondb
vt32,dfve,us-west-2,us,db,maintwindow-vantage-vt32,rebootgroup1-dbonly
vt32,dfve,us-west-2,us,nondb,maintwindow-vantage-vt32,rebootgroup2-nondb
vt33,dfve,us-east-1,us,db,maintwindow-vantage-vt33,rebootgroup1-dbonly
vt33,dfve,us-east-1,us,nondb,maintwindow-vantage-vt33,rebootgroup2-nondb
vt33,dfve,us-west-2,us,db,maintwindow-vantage-vt33,rebootgroup1-dbonly
vt33,dfve,us-west-2,us,nondb,maintwindow-vantage-vt33,rebootgroup2-nondb
vt34,dfve,us-east-1,us,db,maintwindow-vantage-vt34,rebootgroup1-dbonly
vt34,dfve,us-east-1,us,nondb,maintwindow-vantage-vt34,rebootgroup2-nondb
vt34,dfve,us-west-2,us,db,maintwindow-vantage-vt34,rebootgroup1-dbonly
vt34,dfve,us-west-2,us,nondb,maintwindow-vantage-vt34,rebootgroup2-nondb
vt35,dfve,us-east-1,us,db,maintwindow-vantage-vt35,rebootgroup1-dbonly
vt35,dfve,us-east-1,us,nondb,maintwindow-vantage-vt35,rebootgroup2-nondb
vt35,dfve,us-west-2,us,db,maintwindow-vantage-vt35,rebootgroup1-dbonly
vt35,dfve,us-west-2,us,nondb,maintwindow-vantage-vt35,rebootgroup2-nondb
vt36,dfve,eu-west-1,eu,db,maintwindow-vantage-vt36,rebootgroup1-dbonly
vt36,dfve,eu-west-1,eu,nondb,maintwindow-vantage-vt36,rebootgroup2-nondb
vt36,dfve,eu-central-1,eu,db,maintwindow-vantage-vt36,rebootgroup1-dbonly
vt36,dfve,eu-central-1,eu,nondb,maintwindow-vantage-vt36,rebootgroup2-nondb
vt37,dfve,us-east-1,us,db,maintwindow-vantage-vt37,rebootgroup1-dbonly
vt37,dfve,us-east-1,us,nondb,maintwindow-vantage-vt37,rebootgroup2-nondb
vt37,dfve,us-west-2,us,db,maintwindow-vantage-vt37,rebootgroup1-dbonly
vt37,dfve,us-west-2,us,nondb,maintwindow-vantage-vt37,rebootgroup2-nondb
vt38,dfve,us-east-1,us,db,maintwindow-vantage-vt38,rebootgroup1-dbonly
vt38,dfve,us-east-1,us,nondb,maintwindow-vantage-vt38,rebootgroup2-nondb
vt38,dfve,us-west-2,us,db,maintwindow-vantage-vt38,rebootgroup1-dbonly
vt38,dfve,us-west-2,us,nondb,maintwindow-vantage-vt38,rebootgroup2-nondb
vt39,dfve,us-east-1,us,db,maintwindow-vantage-vt39,rebootgroup1-dbonly
vt39,dfve,us-east-1,us,nondb,maintwindow-vantage-vt39,rebootgroup2-nondb
vt39,dfve,us-west-2,us,db,maintwindow-vantage-vt39,rebootgroup1-dbonly
vt39,dfve,us-west-2,us,nondb,maintwindow-vantage-vt39,rebootgroup2-nondb
vt40,dfve,us-east-1,us,db,maintwindow-vantage-vt40,rebootgroup1-dbonly
vt40,dfve,us-east-1,us,nondb,maintwindow-vantage-vt40,rebootgroup2-nondb
vt40,dfve,us-west-2,us,db,maintwindow-vantage-vt40,rebootgroup1-dbonly
vt40,dfve,us-west-2,us,nondb,maintwindow-vantage-vt40,rebootgroup2-nondb
vt42,dfve,ca-central-1,ca,db,maintwindow-vantage-vt42,rebootgroup1-dbonly
vt42,dfve,ca-central-1,ca,nondb,maintwindow-vantage-vt42,rebootgroup2-nondb
vt41,dfve,ap-southeast-1,ap,db,maintwindow-vantage-vt41,rebootgroup1-dbonly
vt41,dfve,ap-southeast-1,ap,nondb,maintwindow-vantage-vt41,rebootgroup2-nondb
vt41,dfve,ap-southeast-2,ap,db,maintwindow-vantage-vt41,rebootgroup1-dbonly
vt41,dfve,ap-southeast-2,ap,nondb,maintwindow-vantage-vt41,rebootgroup2-nondb
vt45,dfve,eu-west-1,eu,db,maintwindow-vantage-vt45,rebootgroup1-dbonly
vt45,dfve,eu-west-1,eu,nondb,maintwindow-vantage-vt45,rebootgroup2-nondb
vt45,dfve,eu-central-1,eu,db,maintwindow-vantage-vt45,rebootgroup1-dbonly
vt45,dfve,eu-central-1,eu,nondb,maintwindow-vantage-vt45,rebootgroup2-nondb
vt43,dfve,us-east-1,us,db,maintwindow-vantage-vt43,rebootgroup1-dbonly
vt43,dfve,us-east-1,us,nondb,maintwindow-vantage-vt43,rebootgroup2-nondb
vt43,dfve,us-west-2,us,db,maintwindow-vantage-vt43,rebootgroup1-dbonly
vt43,dfve,us-west-2,us,nondb,maintwindow-vantage-vt43,rebootgroup2-nondb
vt46,dfve,us-east-1,us,db,maintwindow-vantage-vt46,rebootgroup1-dbonly
vt46,dfve,us-east-1,us,nondb,maintwindow-vantage-vt46,rebootgroup2-nondb
vt46,dfve,us-west-2,us,db,maintwindow-vantage-vt46,rebootgroup1-dbonly
vt46,dfve,us-west-2,us,nondb,maintwindow-vantage-vt46,rebootgroup2-nondb
vt47,dfve,us-east-1,us,db,maintwindow-vantage-vt47,rebootgroup1-dbonly
vt47,dfve,us-east-1,us,nondb,maintwindow-vantage-vt47,rebootgroup2-nondb
vt47,dfve,us-west-2,us,db,maintwindow-vantage-vt47,rebootgroup1-dbonly
vt47,dfve,us-west-2,us,nondb,maintwindow-vantage-vt47,rebootgroup2-nondb
vt44,dfve,us-east-1,us,db,maintwindow-vantage-vt44,rebootgroup1-dbonly
vt44,dfve,us-east-1,us,nondb,maintwindow-vantage-vt44,rebootgroup2-nondb
vt44,dfve,us-west-2,us,db,maintwindow-vantage-vt44,rebootgroup1-dbonly
vt44,dfve,us-west-2,us,nondb,maintwindow-vantage-vt44,rebootgroup2-nondb
vf1,vtent,us-east-1,us,db,maintwindow-visionent-vf1,rebootgroup1-dbonly
vf1,vtent,us-east-1,us,nondb,maintwindow-visionent-vf1,rebootgroup2-nondb
vf1,vtent,us-west-2,us,db,maintwindow-visionent-vf1,rebootgroup1-dbonly
vf1,vtent,us-west-2,us,nondb,maintwindow-visionent-vf1,rebootgroup2-nondb
vf2,vtent,eu-west-1,eu,db,maintwindow-visionent-vf2,rebootgroup1-dbonly
vf2,vtent,eu-west-1,eu,nondb,maintwindow-visionent-vf2,rebootgroup2-nondb
vf2,vtent,eu-central-1,eu,db,maintwindow-visionent-vf2,rebootgroup1-dbonly
vf2,vtent,eu-central-1,eu,nondb,maintwindow-visionent-vf2,rebootgroup2-nondb
vf3,vtent,us-east-1,us,nondb,maintwindow-visionent-vf3,rebootgroup2-nondb
vf4,vtent,us-east-1,us,db,maintwindow-visionent-vf4,rebootgroup1-dbonly
vf4,vtent,us-east-1,us,nondb,maintwindow-visionent-vf4,rebootgroup2-nondb
vf4,vtent,us-west-2,us,db,maintwindow-visionent-vf4,rebootgroup1-dbonly
vf4,vtent,us-west-2,us,nondb,maintwindow-visionent-vf4,rebootgroup2-nondb
vf5,vtent,ca-central-1,ca,nondb,maintwindow-visionent-vf5,rebootgroup2-nondb
vf6,vf6,eu-west-1,eu,db,maintwindow-visionent-vf6-mmd,rebootgroup1-dbonly
vf6,vf6,eu-west-1,eu,nondb,maintwindow-visionent-vf6-mmd,rebootgroup2-nondb
vf6,vf6,eu-central-1,eu,db,maintwindow-visionent-vf6-mmd,rebootgroup1-dbonly
vf6,vf6,eu-central-1,eu,nondb,maintwindow-visionent-vf6-mmd,rebootgroup2-nondb
vf7,vtent,eu-west-1,eu,db,maintwindow-visionent-vf7,rebootgroup1-dbonly
vf7,vtent,eu-central-1,eu,db,maintwindow-visionent-vf7,rebootgroup1-dbonly
vf8,vtent,us-east-1,us,db,maintwindow-visionent-vf8,rebootgroup1-dbonly
vf8,vtent,us-east-1,us,nondb,maintwindow-visionent-vf8,rebootgroup2-nondb
vf8,vtent,us-west-2,us,db,maintwindow-visionent-vf8,rebootgroup1-dbonly
vf8,vtent,us-west-2,us,nondb,maintwindow-visionent-vf8,rebootgroup2-nondb
vf9,vtent,us-west-2,us,db,maintwindow-visionent-vf9,rebootgroup1-dbonly
vf10,vtent,ca-central-1,ca,db,maintwindow-visionent-vf10,rebootgroup1-dbonly
vf10,vtent,ca-central-1,ca,nondb,maintwindow-visionent-vf10,rebootgroup2-nondb
vp1,vtent,us-east-1,us,db,maintwindow-vantageent-vp1,rebootgroup1-dbonly
vp1,vtent,us-east-1,us,nondb,maintwindow-vantageent-vp1,rebootgroup2-nondb
vp1,vtent,us-west-2,us,db,maintwindow-vantageent-vp1,rebootgroup1-dbonly
vp1,vtent,us-west-2,us,nondb,maintwindow-vantageent-vp1,rebootgroup2-nondb
vp2,vtent,eu-west-1,eu,db,maintwindow-vantageent-vp2,rebootgroup1-dbonly
vp2,vtent,eu-west-1,eu,nondb,maintwindow-vantageent-vp2,rebootgroup2-nondb
vp2,vtent,eu-central-1,eu,db,maintwindow-vantageent-vp2,rebootgroup1-dbonly
vp2,vtent,eu-central-1,eu,nondb,maintwindow-vantageent-vp2,rebootgroup2-nondb
vp3,vtent,ca-central-1,ca,db,maintwindow-vantageent-vp3,rebootgroup1-dbonly
vp3,vtent,ca-central-1,ca,nondb,maintwindow-vantageent-vp3,rebootgroup2-nondb
vp4,vtent,eu-west-1,eu,db,maintwindow-vantageent-vp4,rebootgroup1-dbonly
vp4,vtent,eu-west-1,eu,nondb,maintwindow-vantageent-vp4,rebootgroup2-nondb
vp4,vtent,eu-central-1,eu,db,maintwindow-vantageent-vp4,rebootgroup1-dbonly
vp4,vtent,eu-central-1,eu,nondb,maintwindow-vantageent-vp4,rebootgroup2-nondb
vp5,vtent,us-east-1,us,db,maintwindow-vantageent-vp5,rebootgroup1-dbonly
vp5,vtent,us-east-1,us,nondb,maintwindow-vantageent-vp5,rebootgroup2-nondb
vp5,vtent,us-west-2,us,db,maintwindow-vantageent-vp5,rebootgroup1-dbonly
vp5,vtent,us-west-2,us,nondb,maintwindow-vantageent-vp5,rebootgroup2-nondb
vp6,vtent,us-east-1,us,db,maintwindow-vantageent-vp6,rebootgroup1-dbonly
vp6,vtent,us-east-1,us,nondb,maintwindow-vantageent-vp6,rebootgroup2-nondb
vp6,vtent,us-west-2,us,db,maintwindow-vantageent-vp6,rebootgroup1-dbonly
vp6,vtent,us-west-2,us,nondb,maintwindow-vantageent-vp6,rebootgroup2-nondb
vp7,vtent,us-east-1,us,db,maintwindow-vantageent-vp7,rebootgroup1-dbonly
vp7,vtent,us-east-1,us,nondb,maintwindow-vantageent-vp7,rebootgroup2-nondb
vp7,vtent,us-west-2,us,db,maintwindow-vantageent-vp7,rebootgroup1-dbonly
vp7,vtent,us-west-2,us,nondb,maintwindow-vantageent-vp7,rebootgroup2-nondb
vp8,vtent,us-east-1,us,db,maintwindow-vantageent-vp8,rebootgroup1-dbonly
vp8,vtent,us-east-1,us,nondb,maintwindow-vantageent-vp8,rebootgroup2-nondb
vp8,vtent,us-west-2,us,db,maintwindow-vantageent-vp8,rebootgroup1-dbonly
vp8,vtent,us-west-2,us,nondb,maintwindow-vantageent-vp8,rebootgroup2-nondb
vp9,vtent,us-east-1,us,db,maintwindow-vantageent-vp9,rebootgroup1-dbonly
vp9,vtent,us-east-1,us,nondb,maintwindow-vantageent-vp9,rebootgroup2-nondb
vp9,vtent,us-west-2,us,db,maintwindow-vantageent-vp9,rebootgroup1-dbonly
vp9,vtent,us-west-2,us,nondb,maintwindow-vantageent-vp9,rebootgroup2-nondb
vp10,vtent,us-east-1,us,db,maintwindow-vantageent-vp10,rebootgroup1-dbonly
vp10,vtent,us-east-1,us,nondb,maintwindow-vantageent-vp10,rebootgroup2-nondb
vp10,vtent,us-west-2,us,db,maintwindow-vantageent-vp10,rebootgroup1-dbonly
vp10,vtent,us-west-2,us,nondb,maintwindow-vantageent-vp10,rebootgroup2-nondb
vp11,vtent,eu-west-1,eu,db,maintwindow-vantageent-vp11,rebootgroup1-dbonly
vp11,vtent,eu-west-1,eu,nondb,maintwindow-vantageent-vp11,rebootgroup2-nondb
vp11,vtent,eu-central-1,eu,db,maintwindow-vantageent-vp11,rebootgroup1-dbonly
vp11,vtent,eu-central-1,eu,nondb,maintwindow-vantageent-vp11,rebootgroup2-nondb
vp12,vtent,us-east-1,us,db,maintwindow-vantageent-vp12,rebootgroup1-dbonly
vp12,vtent,us-east-1,us,nondb,maintwindow-vantageent-vp12,rebootgroup2-nondb
vp12,vtent,us-west-2,us,db,maintwindow-vantageent-vp12,rebootgroup1-dbonly
vp12,vtent,us-west-2,us,nondb,maintwindow-vantageent-vp12,rebootgroup2-nondb
vp13,vtent,ca-central-1,ca,db,maintwindow-vantageent-vp13,rebootgroup1-dbonly
vp13,vtent,ca-central-1,ca,nondb,maintwindow-vantageent-vp13,rebootgroup2-nondb
vp14,vtent,us-east-1,us,db,maintwindow-vantageent-vp14,rebootgroup1-dbonly
vp14,vtent,us-east-1,us,nondb,maintwindow-vantageent-vp14,rebootgroup2-nondb
vp14,vtent,us-west-2,us,db,maintwindow-vantageent-vp14,rebootgroup1-dbonly
vp14,vtent,us-west-2,us,nondb,maintwindow-vantageent-vp14,rebootgroup2-nondb

